<application>
  <component name="FindSettings">
    <option name="customScope" value="Project Files" />
    <option name="defaultScopeName" value="Project Files" />
    <option name="showResultsInSeparateView" value="true" />
    <option name="SHOW_RESULTS_IN_SEPARATE_VIEW" value="true" />
    <option name="SEARCH_SCOPE" value="Project Files" />
    <mask>*.javaE</mask>
    <mask>*mapper.xml</mask>
    <mask>*Cod*.java</mask>
    <mask>pom.xml</mask>
    <mask>*er.java</mask>
    <mask>*vo.java</mask>
    <mask>*pom.xml</mask>
    <mask>*.css</mask>
    <mask>*.html</mask>
    <mask>*.jsp</mask>
    <mask>*.properties</mask>
    <mask>*.s</mask>
    <mask>er.java</mask>
    <mask>*.md</mask>
    <mask>*.yml</mask>
    <mask>bootstrap-test.yml</mask>
    <mask>*.xml</mask>
    <mask>*.java</mask>
  </component>
</application>