<application>
  <component name="FindSettings">
    <option name="customScope" value="Project Files" />
    <option name="defaultScopeName" value="Project Files" />
    <option name="localRegularExpressions" value="true" />
    <option name="regularExpressions" value="true" />
    <option name="REGULAR_EXPRESSIONS" value="true" />
    <option name="LOCAL_REGULAR_EXPRESSIONS" value="true" />
    <option name="SEARCH_SCOPE" value="Project Files" />
    <mask>*.javaE</mask>
    <mask>*mapper.xml</mask>
    <mask>*Cod*.java</mask>
    <mask>pom.xml</mask>
    <mask>*er.java</mask>
    <mask>*vo.java</mask>
    <mask>*pom.xml</mask>
    <mask>*.css</mask>
    <mask>*.html</mask>
    <mask>*.jsp</mask>
    <mask>*.properties</mask>
    <mask>*.s</mask>
    <mask>er.java</mask>
    <mask>*.md</mask>
    <mask>*.java</mask>
    <mask>*.xml</mask>
  </component>
</application>