<application>
  <component name="ProjectManager">
    <defaultProject>
      <component name="AnalysisProjectProfileManager">
        <option name="PROJECT_PROFILE" />
        <option name="USE_PROJECT_LEVEL_SETTINGS" value="false" />
        <list size="0" />
      </component>
      <component name="EasyCodeTableSetting">
        <option name="tableInfoMap">
          <map>
            <entry key="edusupervise-dev.sup_grade_class">
              <value>
                <TableInfoDTO>
                  <option name="comment" value="年级班级配置" />
                  <option name="fullColumn">
                    <list>
                      <ColumnInfoDTO>
                        <option name="comment" value="主键id" />
                        <option name="custom" value="false" />
                        <option name="name" value="id" />
                        <option name="type" value="java.lang.Long" />
                      </ColumnInfoDTO>
                      <ColumnInfoDTO>
                        <option name="comment" value="学校code" />
                        <option name="custom" value="false" />
                        <option name="name" value="schoolCode" />
                        <option name="type" value="java.lang.String" />
                      </ColumnInfoDTO>
                      <ColumnInfoDTO>
                        <option name="comment" value="学校名称" />
                        <option name="custom" value="false" />
                        <option name="name" value="schoolName" />
                        <option name="type" value="java.lang.String" />
                      </ColumnInfoDTO>
                      <ColumnInfoDTO>
                        <option name="comment" value="学年" />
                        <option name="custom" value="false" />
                        <option name="name" value="schoolYear" />
                        <option name="type" value="java.lang.String" />
                      </ColumnInfoDTO>
                      <ColumnInfoDTO>
                        <option name="comment" value="学段" />
                        <option name="custom" value="false" />
                        <option name="name" value="sphaseStudying" />
                        <option name="type" value="java.lang.String" />
                      </ColumnInfoDTO>
                      <ColumnInfoDTO>
                        <option name="comment" value="年级" />
                        <option name="custom" value="false" />
                        <option name="name" value="grade" />
                        <option name="type" value="java.lang.String" />
                      </ColumnInfoDTO>
                      <ColumnInfoDTO>
                        <option name="comment" value="班主任" />
                        <option name="custom" value="false" />
                        <option name="name" value="headTeacher" />
                        <option name="type" value="java.lang.String" />
                      </ColumnInfoDTO>
                      <ColumnInfoDTO>
                        <option name="comment" value="班主任工号" />
                        <option name="custom" value="false" />
                        <option name="name" value="teacherCode" />
                        <option name="type" value="java.lang.String" />
                      </ColumnInfoDTO>
                      <ColumnInfoDTO>
                        <option name="comment" value="联系电话" />
                        <option name="custom" value="false" />
                        <option name="name" value="teacherPhone" />
                        <option name="type" value="java.lang.String" />
                      </ColumnInfoDTO>
                      <ColumnInfoDTO>
                        <option name="comment" value="是否删除（0：否 1：是）" />
                        <option name="custom" value="false" />
                        <option name="name" value="isDeleted" />
                        <option name="type" value="java.lang.Integer" />
                      </ColumnInfoDTO>
                      <ColumnInfoDTO>
                        <option name="comment" value="创建时间" />
                        <option name="custom" value="false" />
                        <option name="name" value="gmtCreated" />
                        <option name="type" value="java.util.Date" />
                      </ColumnInfoDTO>
                      <ColumnInfoDTO>
                        <option name="comment" value="更新时间" />
                        <option name="custom" value="false" />
                        <option name="name" value="gmtModified" />
                        <option name="type" value="java.util.Date" />
                      </ColumnInfoDTO>
                      <ColumnInfoDTO>
                        <option name="comment" value="创建者" />
                        <option name="custom" value="false" />
                        <option name="name" value="creator" />
                        <option name="type" value="java.lang.String" />
                      </ColumnInfoDTO>
                      <ColumnInfoDTO>
                        <option name="comment" value="更新人" />
                        <option name="custom" value="false" />
                        <option name="name" value="modifier" />
                        <option name="type" value="java.lang.String" />
                      </ColumnInfoDTO>
                      <ColumnInfoDTO>
                        <option name="comment" value="班级" />
                        <option name="custom" value="false" />
                        <option name="ext">
                          <map />
                        </option>
                        <option name="name" value="className" />
                        <option name="type" value="java.lang.String" />
                      </ColumnInfoDTO>
                    </list>
                  </option>
                  <option name="name" value="SupGradeClass" />
                  <option name="preName" value="" />
                  <option name="saveModelName" value="eduSupervise-api" />
                  <option name="savePackageName" value="com.hailiang.edu.eduSupervise.dal" />
                  <option name="savePath" value="./api/src/main/java/com/hailiang/edu/eduSupervise/dal" />
                  <option name="templateGroupName" value="Default" />
                </TableInfoDTO>
              </value>
            </entry>
            <entry key="edusupervise-dev.sup_patriarch_info">
              <value>
                <TableInfoDTO>
                  <option name="comment" value="家长信息表" />
                  <option name="fullColumn">
                    <list>
                      <ColumnInfoDTO>
                        <option name="comment" value="主键id" />
                        <option name="custom" value="false" />
                        <option name="name" value="id" />
                        <option name="type" value="java.lang.Long" />
                      </ColumnInfoDTO>
                      <ColumnInfoDTO>
                        <option name="comment" value="学生学号" />
                        <option name="custom" value="false" />
                        <option name="name" value="studentCode" />
                        <option name="type" value="java.lang.String" />
                      </ColumnInfoDTO>
                      <ColumnInfoDTO>
                        <option name="comment" value="学生姓名" />
                        <option name="custom" value="false" />
                        <option name="name" value="studentName" />
                        <option name="type" value="java.lang.String" />
                      </ColumnInfoDTO>
                      <ColumnInfoDTO>
                        <option name="comment" value="家长身份" />
                        <option name="custom" value="false" />
                        <option name="name" value="familyRelation" />
                        <option name="type" value="java.lang.String" />
                      </ColumnInfoDTO>
                      <ColumnInfoDTO>
                        <option name="comment" value="家长姓名" />
                        <option name="custom" value="false" />
                        <option name="name" value="patriarchName" />
                        <option name="type" value="java.lang.String" />
                      </ColumnInfoDTO>
                      <ColumnInfoDTO>
                        <option name="comment" value="家长电话" />
                        <option name="custom" value="false" />
                        <option name="name" value="patriarchPhone" />
                        <option name="type" value="java.lang.String" />
                      </ColumnInfoDTO>
                      <ColumnInfoDTO>
                        <option name="comment" value="是否删除（0：否 1：是）" />
                        <option name="custom" value="false" />
                        <option name="name" value="isDeleted" />
                        <option name="type" value="java.lang.Integer" />
                      </ColumnInfoDTO>
                      <ColumnInfoDTO>
                        <option name="comment" value="创建时间" />
                        <option name="custom" value="false" />
                        <option name="name" value="gmtCreated" />
                        <option name="type" value="java.util.Date" />
                      </ColumnInfoDTO>
                      <ColumnInfoDTO>
                        <option name="comment" value="更新时间" />
                        <option name="custom" value="false" />
                        <option name="name" value="gmtModified" />
                        <option name="type" value="java.util.Date" />
                      </ColumnInfoDTO>
                      <ColumnInfoDTO>
                        <option name="comment" value="创建者" />
                        <option name="custom" value="false" />
                        <option name="name" value="creator" />
                        <option name="type" value="java.lang.String" />
                      </ColumnInfoDTO>
                      <ColumnInfoDTO>
                        <option name="comment" value="更新人" />
                        <option name="custom" value="false" />
                        <option name="name" value="modifier" />
                        <option name="type" value="java.lang.String" />
                      </ColumnInfoDTO>
                    </list>
                  </option>
                  <option name="name" value="SupPatriarchInfo" />
                  <option name="preName" value="" />
                  <option name="saveModelName" value="eduSupervise-dal" />
                  <option name="savePackageName" value="" />
                  <option name="savePath" value="./dal/src/main/java" />
                  <option name="templateGroupName" value="Default" />
                </TableInfoDTO>
              </value>
            </entry>
            <entry key="edusupervise-dev.sup_task_base_info">
              <value>
                <TableInfoDTO>
                  <option name="comment" value="任务基础配置表" />
                  <option name="fullColumn">
                    <list>
                      <ColumnInfoDTO>
                        <option name="comment" value="主键id" />
                        <option name="custom" value="false" />
                        <option name="name" value="id" />
                        <option name="type" value="java.lang.Long" />
                      </ColumnInfoDTO>
                      <ColumnInfoDTO>
                        <option name="comment" value="任务主题" />
                        <option name="custom" value="false" />
                        <option name="name" value="title" />
                        <option name="type" value="java.lang.String" />
                      </ColumnInfoDTO>
                      <ColumnInfoDTO>
                        <option name="comment" value="背景说明" />
                        <option name="custom" value="false" />
                        <option name="name" value="backgroundNote" />
                        <option name="type" value="java.lang.String" />
                      </ColumnInfoDTO>
                      <ColumnInfoDTO>
                        <option name="comment" value="发布数量,也叫应参评人数" />
                        <option name="custom" value="false" />
                        <option name="name" value="publishNum" />
                        <option name="type" value="java.lang.Integer" />
                      </ColumnInfoDTO>
                      <ColumnInfoDTO>
                        <option name="comment" value="参评人数" />
                        <option name="custom" value="false" />
                        <option name="name" value="fillNum" />
                        <option name="type" value="java.lang.Integer" />
                      </ColumnInfoDTO>
                      <ColumnInfoDTO>
                        <option name="comment" value="忽略人数, 也叫不参评人数" />
                        <option name="custom" value="false" />
                        <option name="name" value="ignoreNum" />
                        <option name="type" value="java.lang.Integer" />
                      </ColumnInfoDTO>
                      <ColumnInfoDTO>
                        <option name="comment" value="参评学校数量" />
                        <option name="custom" value="false" />
                        <option name="name" value="schoolNum" />
                        <option name="type" value="java.lang.Integer" />
                      </ColumnInfoDTO>
                      <ColumnInfoDTO>
                        <option name="comment" value="发布时间" />
                        <option name="custom" value="false" />
                        <option name="name" value="publishTime" />
                        <option name="type" value="java.util.Date" />
                      </ColumnInfoDTO>
                      <ColumnInfoDTO>
                        <option name="comment" value="是否删除" />
                        <option name="custom" value="false" />
                        <option name="name" value="isDeleted" />
                        <option name="type" value="java.lang.Integer" />
                      </ColumnInfoDTO>
                      <ColumnInfoDTO>
                        <option name="comment" value="创建时间" />
                        <option name="custom" value="false" />
                        <option name="name" value="gmtCreated" />
                        <option name="type" value="java.util.Date" />
                      </ColumnInfoDTO>
                      <ColumnInfoDTO>
                        <option name="comment" value="修改日期" />
                        <option name="custom" value="false" />
                        <option name="name" value="gmtModified" />
                        <option name="type" value="java.util.Date" />
                      </ColumnInfoDTO>
                      <ColumnInfoDTO>
                        <option name="comment" value="创建人" />
                        <option name="custom" value="false" />
                        <option name="name" value="creator" />
                        <option name="type" value="java.lang.String" />
                      </ColumnInfoDTO>
                      <ColumnInfoDTO>
                        <option name="comment" value="修改人" />
                        <option name="custom" value="false" />
                        <option name="name" value="modifier" />
                        <option name="type" value="java.lang.String" />
                      </ColumnInfoDTO>
                      <ColumnInfoDTO>
                        <option name="comment" value="类型" />
                        <option name="custom" value="false" />
                        <option name="name" value="taskType" />
                        <option name="type" value="java.lang.Integer" />
                      </ColumnInfoDTO>
                      <ColumnInfoDTO>
                        <option name="comment" value="状态: 模板 草稿 已发布 已结束" />
                        <option name="custom" value="false" />
                        <option name="name" value="taskState" />
                        <option name="type" value="java.lang.Integer" />
                      </ColumnInfoDTO>
                    </list>
                  </option>
                  <option name="name" value="SupTaskBaseInfo" />
                  <option name="preName" value="" />
                  <option name="saveModelName" value="eduSupervise-dal" />
                  <option name="savePackageName" value="com.hailiang.edu.eduSupervise.dal" />
                  <option name="savePath" value="./dal/src/main/java/com/hailiang/edu/eduSupervise/dal" />
                  <option name="templateGroupName" value="Default" />
                </TableInfoDTO>
              </value>
            </entry>
            <entry key="edusupervise-dev.sup_task_evaluate_info">
              <value>
                <TableInfoDTO>
                  <option name="comment" value="任务基础参评对象表" />
                  <option name="fullColumn">
                    <list>
                      <ColumnInfoDTO>
                        <option name="comment" value="主键id" />
                        <option name="custom" value="false" />
                        <option name="name" value="id" />
                        <option name="type" value="java.lang.Object" />
                      </ColumnInfoDTO>
                      <ColumnInfoDTO>
                        <option name="comment" value="任务ID" />
                        <option name="custom" value="false" />
                        <option name="name" value="taskId" />
                        <option name="type" value="java.lang.Long" />
                      </ColumnInfoDTO>
                      <ColumnInfoDTO>
                        <option name="comment" value="任务主题" />
                        <option name="custom" value="false" />
                        <option name="name" value="taskTitle" />
                        <option name="type" value="java.lang.String" />
                      </ColumnInfoDTO>
                      <ColumnInfoDTO>
                        <option name="comment" value="参评学校列表:{学段ID:学校ID,..}" />
                        <option name="custom" value="false" />
                        <option name="name" value="schoolList" />
                        <option name="type" value="java.lang.String" />
                      </ColumnInfoDTO>
                      <ColumnInfoDTO>
                        <option name="comment" value="参评年级列表:{学段ID:年级ID,..}" />
                        <option name="custom" value="false" />
                        <option name="name" value="classList" />
                        <option name="type" value="java.lang.String" />
                      </ColumnInfoDTO>
                      <ColumnInfoDTO>
                        <option name="comment" value="参评科目列表:{年级ID,..}" />
                        <option name="custom" value="false" />
                        <option name="name" value="subjectList" />
                        <option name="type" value="java.lang.String" />
                      </ColumnInfoDTO>
                      <ColumnInfoDTO>
                        <option name="comment" value="是否删除" />
                        <option name="custom" value="false" />
                        <option name="name" value="isDeleted" />
                        <option name="type" value="java.lang.Integer" />
                      </ColumnInfoDTO>
                      <ColumnInfoDTO>
                        <option name="comment" value="创建时间" />
                        <option name="custom" value="false" />
                        <option name="name" value="gmtCreated" />
                        <option name="type" value="java.util.Date" />
                      </ColumnInfoDTO>
                      <ColumnInfoDTO>
                        <option name="comment" value="修改日期" />
                        <option name="custom" value="false" />
                        <option name="name" value="gmtModified" />
                        <option name="type" value="java.util.Date" />
                      </ColumnInfoDTO>
                      <ColumnInfoDTO>
                        <option name="comment" value="创建人" />
                        <option name="custom" value="false" />
                        <option name="name" value="creator" />
                        <option name="type" value="java.lang.String" />
                      </ColumnInfoDTO>
                      <ColumnInfoDTO>
                        <option name="comment" value="修改人" />
                        <option name="custom" value="false" />
                        <option name="name" value="modifier" />
                        <option name="type" value="java.lang.String" />
                      </ColumnInfoDTO>
                    </list>
                  </option>
                  <option name="name" value="SupTaskEvaluateInfo" />
                  <option name="preName" value="" />
                  <option name="saveModelName" value="" />
                  <option name="savePackageName" value="" />
                  <option name="savePath" value="" />
                  <option name="templateGroupName" value="" />
                </TableInfoDTO>
              </value>
            </entry>
          </map>
        </option>
      </component>
      <component name="InspectionProjectProfileManager">
        <option name="PROJECT_PROFILE" />
        <version value="1.0" />
      </component>
      <component name="MavenImportPreferences">
        <option name="generalSettings">
          <MavenGeneralSettings>
            <option name="localRepository" value="D:\soft\apache-maven-3.9.3\.m2" />
            <option name="mavenHome" value="D:/soft/apache-maven-3.9.3" />
            <option name="userSettingsFile" value="D:\soft\apache-maven-3.9.3\conf\settings.xml" />
          </MavenGeneralSettings>
        </option>
      </component>
      <component name="ProjectRootManager" version="2" languageLevel="JDK_1_8" project-jdk-name="1.8" project-jdk-type="JavaSDK" />
      <component name="PropertiesComponent">{
  &quot;keyToString&quot;: {
    &quot;last_opened_file_path&quot;: &quot;D:/bak&quot;,
    &quot;settings.editor.selected.configurable&quot;: &quot;MavenSettings&quot;
  }
}</component>
      <component name="RunDashboard">
        <option name="ruleStates">
          <list>
            <RuleState>
              <option name="name" value="ConfigurationTypeDashboardGroupingRule" />
            </RuleState>
            <RuleState>
              <option name="name" value="StatusDashboardGroupingRule" />
            </RuleState>
          </list>
        </option>
      </component>
      <component name="SuppressionsComponent">
        <option name="suppComments" value="[]" />
      </component>
      <component name="ThriftCompiler">
        <compilers />
      </component>
      <component name="WindowStateProjectService">
        <state x="782" y="341" key="SettingsEditor" timestamp="1692238006479">
          <screen x="0" y="0" width="2560" height="1409" />
        </state>
        <state x="782" y="337" key="SettingsEditor/0.0.2560.1392/3840.364.2560.1392/6339.1804.1493.885" timestamp="1690356601544" />
        <state x="782" y="341" key="SettingsEditor/3840.542.1280.689/0.0.2560.1409" timestamp="1692238006479" />
      </component>
      <component name="masterDetails">
        <states>
          <state key="GlobalLibrariesConfigurable.UI">
            <settings>
              <splitter-proportions>
                <option name="proportions">
                  <list>
                    <option value="0.2" />
                  </list>
                </option>
              </splitter-proportions>
            </settings>
          </state>
          <state key="JdkListConfigurable.UI">
            <settings>
              <splitter-proportions>
                <option name="proportions">
                  <list>
                    <option value="0.2" />
                  </list>
                </option>
              </splitter-proportions>
            </settings>
          </state>
          <state key="ProjectJDKs.UI">
            <settings>
              <last-edited>1.8</last-edited>
              <splitter-proportions>
                <option name="proportions">
                  <list>
                    <option value="0.2" />
                  </list>
                </option>
              </splitter-proportions>
            </settings>
          </state>
          <state key="ProjectLibrariesConfigurable.UI">
            <settings>
              <splitter-proportions>
                <option name="proportions">
                  <list>
                    <option value="0.2" />
                  </list>
                </option>
              </splitter-proportions>
            </settings>
          </state>
        </states>
      </component>
    </defaultProject>
  </component>
</application>