<application>
  <component name="GitRememberedInputs">
    <option name="visitedUrls">
      <list>
        <UrlAndUserName>
          <option name="url" value="http://github.com" />
          <option name="userName" value="t734070824" />
        </UrlAndUserName>
        <UrlAndUserName>
          <option name="url" value="http://bitbucket.rd.800best.com" />
          <option name="userName" value="BG404777" />
        </UrlAndUserName>
        <UrlAndUserName>
          <option name="url" value="http://10.30.5.98/school_affairs_backend/" />
          <option name="userName" value="" />
        </UrlAndUserName>
        <UrlAndUserName>
          <option name="url" value="http://10.30.5.98" />
          <option name="userName" value="89010707" />
        </UrlAndUserName>
      </list>
    </option>
    <option name="cloneParentDir" value="D:\digital-center-backend" />
  </component>
  <component name="Vcs.Log.App.Settings">
    <option name="COLUMN_ID_ORDER">
      <list>
        <option value="Default.Root" />
        <option value="Default.Subject" />
        <option value="Default.Author" />
        <option value="Default.Date" />
        <option value="Space.CommitStatus" />
      </list>
    </option>
  </component>
</application>