<application>
  <component name="Translation.Cache">
    <option name="lastTrimTime" value="1698636701320" />
  </component>
  <component name="Translation.GoogleSettings">
    <option name="CUSTOM_SERVER" value="true" />
    <option name="SERVER_URL" value="https://translate.google.com" />
  </component>
  <component name="Translation.Settings">
    <option name="primaryLanguage" value="AUTO" />
    <option name="translator" value="YOUDAO" />
    <option name="youdaoTranslateSettings">
      <youdao-translate>
        <option name="appId" value="1b9939b55f1a9a1b" />
      </youdao-translate>
    </option>
  </component>
  <component name="Translation.States">
    <option name="newTranslationDialogHeight" value="260" />
    <option name="newTranslationDialogWidth" value="598" />
    <option name="newTranslationDialogX" value="1111" />
    <option name="newTranslationDialogY" value="627" />
    <option name="pinTranslationDialog" value="true" />
    <histories>
      <item value="Dispositon" />
      <item value="去向" />
      <item value="离园" />
      <item value="预计返校日期" />
      <item value="在园" />
      <item value="自然年龄" />
      <item value="适读年龄" />
      <item value="Authorization" />
      <item value="Feishu Client" />
      <item value="m.alibaba.fastjson.JSONObject; import com.hailiang.base.logincenter.config.FeishuConfig; import com.hailiang.base.logincenter.constans.SystemConstants; import com.hailiang.base.logincenter.enums.FsMobileUrlEnum; import com.hailiang.base.logincenter.enums.FsapiUrlEnum; import com.hailiang.base.logincenter.model.FeiShuUserInfo; import com.hailiang.mp.commonsource.core.exception.ServiceRuntimeException; import com.hailiang.mp.commonsource.core.util.HttpClientUtilExt; import com.hailiang.mp.commonsource.core.util.HttpClientUtils; import com.hailiang.mp.commonsource.core.uti" />
      <item value="R Bucket" />
      <item value="lang 3" />
      <item value="springframework" />
      <item value="ort java.util.ArrayList; import java.util.HashMap; import java.util.List; import java.util.Map; import java.util.concurrent.TimeUnit; import java.util.stream.Collectors; import java.util.stream.Stream; import javax.annotation.Resource; import org.apache.commons.lang3.StringUtils; import org.redisson.api.RBucket; import org.redisson.api.RedissonClient; import org.springframework.beans.BeanUtils; import org.springframework.beans.factory.annotation.Autowired; import org.springframework.beans.factory.annotation.Value; import org.springframework.stereotype.Component; import com.alibaba.fastjson.JSONObject; import com.hailiang.base.logincenter.config.FeishuConfig; import com.hailiang.base.logincenter.constan" />
      <item value="Json Result" />
      <item value="Get User Info Resp Body" />
      <item value="Http Client Util Ext" />
    </histories>
    <option name="languageScores">
      <map>
        <entry key="CHINESE" value="16" />
        <entry key="ENGLISH" value="15" />
        <entry key="FILIPINO" value="1" />
        <entry key="HINDI" value="2" />
        <entry key="MALAY" value="1" />
      </map>
    </option>
  </component>
</application>