<application>
  <component name="MavenWrapperMapping">
    <option name="mapping">
      <map>
        <entry key="https://repo.maven.apache.org/maven2/org/apache/maven/apache-maven/3.6.3/apache-maven-3.6.3-bin.zip" value="C:\Users\HL\.m2\wrapper\dists\apache-maven-3.6.3-bin\1iopthnavndlasol9gbrbg6bf2\apache-maven-3.6.3" />
        <entry key="https://repo.maven.apache.org/maven2/org/apache/maven/apache-maven/3.8.1/apache-maven-3.8.1-bin.zip" value="C:\Users\HL\.m2\wrapper\dists\apache-maven-3.8.1-bin\2l5mhf2pq2clrde7f7qp1rdt5m\apache-maven-3.8.1" />
        <entry key="https://repo1.maven.org/maven2/org/apache/maven/apache-maven/3.5.3/apache-maven-3.5.3-bin.zip" value="C:\Users\HL\.m2\wrapper\dists\apache-maven-3.5.3-bin\2c22a6s60afpuloj4v181qvild\apache-maven-3.5.3" />
        <entry key="https://repo1.maven.org/maven2/org/apache/maven/apache-maven/3.6.0/apache-maven-3.6.0-bin.zip" value="C:\Users\HL\.m2\wrapper\dists\apache-maven-3.6.0-bin\3rgjh30jneo7541hun7uggltkb\apache-maven-3.6.0" />
      </map>
    </option>
  </component>
</application>